Press Release - Auto & Transportation,pr_autotrans,https://www.prnewswire.com/rss/automotive-transportation-latest-news.rss
Press Release - Business Technology,pr_businesstech,https://www.prnewswire.com/rss/business-technology-latest-news/business-technology-latest-news-list.rss
Press Release - Consumer Products & Retail,pr_consumerproduct,https://www.prnewswire.com/rss/consumer-products-retail-latest-news/consumer-products-retail-latest-news-list.rss
Press Release - Consumer Technology,pr_consumertech,https://www.prnewswire.com/rss/consumer-technology-latest-news/consumer-technology-latest-news-list.rss
Press Release - Energy,pr_energy,https://www.prnewswire.com/rss/energy-latest-news/energy-latest-news-list.rss
Press Release - Entertainment & Media,pr_entertainment,https://www.prnewswire.com/rss/entertainment-media-latest-news/entertainment-media-latest-news-list.rss
Press Release - Environment,pr_environment,https://www.prnewswire.com/rss/environment-latest-news/environment-latest-news-list.rss
Press Release - Financial Services & Investing,pr_finance,https://www.prnewswire.com/rss/financial-services-latest-news.rss
Press Release - General Business,pr_business,https://www.prnewswire.com/rss/general-business-latest-news/general-business-latest-news-list.rss
Press Release - Heavy Industry & Manufacturing,pr_industry,https://www.prnewswire.com/rss/heavy-industry-manufacturing-latest-news/heavy-industry-manufacturing-latest-news-list.rss
Press Release - Health,pr_health,https://www.prnewswire.com/rss/health-latest-news/health-latest-news-list.rss
Press Release - People & Culture,pr_culture,https://www.prnewswire.com/rss/multicultural-latest-news/multicultural-latest-news-list.rss
Press Release - Policy & Public Interest,pr_policy,https://www.prnewswire.com/rss/policy-public-interest-latest-news/policy-public-interest-latest-news-list.rss
Press Release - Sports,pr_sports,https://www.prnewswire.com/rss/sports-latest-news/sports-latest-news-list.rss
Press Release - Telecommunications,pr_telecom,https://www.prnewswire.com/rss/telecommunications-latest-news/telecommunications-latest-news-list.rss
Press Release - Travel,pr_travel,https://www.prnewswire.com/rss/travel-latest-news/travel-latest-news-list.rss
News - CNN Top Stories,news_cnn_top,http://rss.cnn.com/rss/cnn_topstories.rss
News - New York Times,news_nyc,http://www.nytimes.com/services/xml/rss/nyt/HomePage.xml
News - Huffington Post,news_huffpost,https://www.huffpost.com/section/front-page/feed?x=1
News - Fox News Breaking,news_foxnews_breaking,http://feeds.foxnews.com/foxnews/latest
News - USA Today,news_usatoday,http://rssfeeds.usatoday.com/UsatodaycomNation-TopStories
News - Reuters US,news_reuters_us,http://feeds.reuters.com/Reuters/domesticNews
News - NPR,news_npr,http://www.npr.org/rss/rss.php?id=1001
News - LA Times,news_latimes,https://www.latimes.com/local/rss2.0.xml
News - Breitbart,news_breitbart,http://feeds.feedburner.com/breitbart
News - Newsweek,news_newsweek,http://www.newsweek.com/rss
